{"(1, 0)": 0.4972005125837968, "(-1, 0)": -0.45402456096849986, "(0, 1)": 0.5540352248983911, "(0, -1)": -0.3355809072456799, "(0, 0)": 0.05362442034791126}