{"SE|10101": {"(1, 0)": 7.500018339571358, "(-1, 0)": 0.0, "(0, 1)": 8.749828554194506, "(0, -1)": 0.0, "(0, 0)": 0.0}, "SE|11001": {"(1, 0)": 9.126464962963562, "(-1, 0)": 6.719085774711564, "(0, 1)": 0.0, "(0, -1)": 0.0, "(0, 0)": 0.0}, "SE|01001": {"(1, 0)": 0.0, "(-1, 0)": 5.353617319999141, "(0, 1)": 0.0, "(0, -1)": 0.0, "(0, 0)": 0.0}, "SE|00111": {"(1, 0)": 0.0, "(-1, 0)": 0.0, "(0, 1)": 8.521170398604957, "(0, -1)": 6.691603623103715, "(0, 0)": 0.0}, "SE|10011": {"(1, 0)": 9.046410859577886, "(-1, 0)": 0.0, "(0, 1)": 0.0, "(0, -1)": 6.8388670419838125, "(0, 0)": 0.0}, "SE|01101": {"(1, 0)": 0.0, "(-1, 0)": 5.564039751064186, "(0, 1)": 9.13294991319922, "(0, -1)": 0.0, "(0, 0)": 0.0}, "SE|11011": {"(1, 0)": 9.215213639392035, "(-1, 0)": 4.921804767285438, "(0, 1)": 0.0, "(0, -1)": 7.018161852415975, "(0, 0)": 0.0}, "SE|11111": {"(1, 0)": 6.344376154395664, "(-1, 0)": 6.057317648515653, "(0, 1)": 7.246101079246139, "(0, -1)": 6.049002800011718, "(0, 0)": 0.0}, "E|11011": {"(1, 0)": 4.552692967401492, "(-1, 0)": 3.969314096262348, "(0, 1)": 0.0, "(0, -1)": 4.5214822997951325, "(0, 0)": 0.0}, "E|11001": {"(1, 0)": 3.0585348409632314, "(-1, 0)": 2.377463046088293, "(0, 1)": 0.0, "(0, -1)": 0.0, "(0, 0)": 0.0}, "AQUI|01011": {"(1, 0)": 0.0, "(-1, 0)": 0.0, "(0, 1)": 0.0, "(0, -1)": 0.0, "(0, 0)": 0.0}, "SE|11101": {"(1, 0)": 7.883361693719294, "(-1, 0)": 0.8829170919165434, "(0, 1)": 4.2656620207668166, "(0, -1)": 0.0, "(0, 0)": 0.0}, "SE|10001": {"(1, 0)": 2.601601330052455, "(-1, 0)": 0.0, "(0, 1)": 0.0, "(0, -1)": 0.0, "(0, 0)": 0.0}}