{"UNK|10101": {"(1, 0)": 6.63867613093031, "(-1, 0)": 0.0, "(0, 1)": 9.956544578083037, "(0, -1)": 0.0, "(0, 0)": 0.0}, "UNK|11001": {"(1, 0)": 6.323114681967105, "(-1, 0)": 5.6899279997516, "(0, 1)": 0.0, "(0, -1)": 0.0, "(0, 0)": 0.0}, "UNK|01001": {"(1, 0)": 0.0, "(-1, 0)": 4.492289952728054, "(0, 1)": 0.0, "(0, -1)": 0.0, "(0, 0)": 0.0}, "UNK|00111": {"(1, 0)": 0.0, "(-1, 0)": 0.0, "(0, 1)": 9.518278518202514, "(0, -1)": 7.650031287262039, "(0, 0)": 0.0}, "UNK|10011": {"(1, 0)": 6.845218193619779, "(-1, 0)": 0.0, "(0, 1)": 0.0, "(0, -1)": 6.559332439784753, "(0, 0)": 0.0}, "UNK|01101": {"(1, 0)": 0.0, "(-1, 0)": 6.02499455771562, "(0, 1)": 9.553647108268466, "(0, -1)": 0.0, "(0, 0)": 0.0}, "UNK|11011": {"(1, 0)": 9.087342798709333, "(-1, 0)": 7.525255191011445, "(0, 1)": 0.0, "(0, -1)": 7.761682482571065, "(0, 0)": 0.0}, "UNK|11101": {"(1, 0)": 2.0242557376230357, "(-1, 0)": 1.4277477665393097, "(0, 1)": 9.52747201833467, "(0, -1)": 0.0, "(0, 0)": 0.0}, "UNK|10001": {"(1, 0)": 1.7494560949864124, "(-1, 0)": 0.0, "(0, 1)": 0.0, "(0, -1)": 0.0, "(0, 0)": 0.0}, "UNK|11111": {"(1, 0)": 7.785685765138171, "(-1, 0)": 6.9040670907580415, "(0, 1)": 9.756114353106701, "(0, -1)": 7.561422473227951, "(0, 0)": 0.0}, "UNK|01011": {"(1, 0)": 0.0, "(-1, 0)": 0.0, "(0, 1)": 0.0, "(0, -1)": 0.0, "(0, 0)": 0.0}}